Google Ad (or other advertising) Transactions,,,,,,,,,
ULearn Limited,,,,,,,,,
For the period 1 January 2017 to 31 December 2024,,,,,,,,,
,,,,,,,,,
Date,Source,Description,Reference,Currency,Debit (Source),Credit (Source),Debit (EUR),Credit (EUR),Running Balance (EUR)
,,,,,,,,,
Google Ad (or other advertising),,,,,,,,,
04 Jan 2017,Spend Money,Facebook - Facebook Ads & Boost Posts,POS31DEC PAYPAL *FACE,EUR,205.09,0.00,205.09,0.00,205.09
04 Jan 2017,Spend Money,Google - Google Adwords,POS31DEC GOOGLE *ADWS,EUR,500.00,0.00,500.00,0.00,705.09
10 Jan 2017,Spend Money,Google - Google Adwords,POS08JAN GOOGLE *ADWS,EUR,500.00,0.00,500.00,0.00,"1,205.09"
17 Jan 2017,Spend Money,Google - Google Adwords,POS15JAN GOOGLE *ADWS,EUR,500.00,0.00,500.00,0.00,"1,705.09"
25 Jan 2017,Spend Money,Google - Google Adwords,POS23JAN GOOGLE *ADWS,EUR,500.00,0.00,500.00,0.00,"2,205.09"
02 Feb 2017,Spend Money,Google - Google Adwords,POS31JAN GOOGLE *ADWS,EUR,500.00,0.00,500.00,0.00,"2,705.09"
02 Feb 2017,Spend Money,Facebook - Facebook Ads & Boost Posts,POS31JAN PAYPAL *FACE,EUR,1.53,0.00,1.53,0.00,"2,706.62"
02 Feb 2017,Spend Money,Facebook - Facebook Ads & Boost Posts,POS31JAN PAYPAL *FACE,EUR,208.64,0.00,208.64,0.00,"2,915.26"
09 Feb 2017,Spend Money,Google - Google Adwords,POS07FEB GOOGLE *ADWS,EUR,500.00,0.00,500.00,0.00,"3,415.26"
16 Feb 2017,Spend Money,Google - Google Adwords,POS14FEB GOOGLE *ADWS,EUR,500.00,0.00,500.00,0.00,"3,915.26"
23 Feb 2017,Spend Money,Google - Google Adwords,POS21FEB GOOGLE *ADWS,EUR,500.00,0.00,500.00,0.00,"4,415.26"
01 Mar 2017,Spend Money,Google - Google Adwords,POS27FEB GOOGLE *ADWS,EUR,500.00,0.00,500.00,0.00,"4,915.26"
03 Mar 2017,Spend Money,Facebook - Facebook,,EUR,171.95,0.00,171.95,0.00,"5,087.21"
03 Mar 2017,Spend Money,Facebook - Facebook,,EUR,13.89,0.00,13.89,0.00,"5,101.10"
07 Mar 2017,Spend Money,Google - Google Adwords,POS05MAR GOOGLE *ADWS,EUR,500.00,0.00,500.00,0.00,"5,601.10"
14 Mar 2017,Spend Money,Google - Google Adwords,POS12MAR GOOGLE *ADWS,EUR,500.00,0.00,500.00,0.00,"6,101.10"
21 Mar 2017,Spend Money,Google - Google Adwords,POS19MAR GOOGLE *ADWS,EUR,500.00,0.00,500.00,0.00,"6,601.10"
22 Mar 2017,Spend Money,Indeed Recruitment - Teacher HR Recruit,,EUR,24.96,0.00,24.96,0.00,"6,626.06"
28 Mar 2017,Spend Money,Google - Google Adwords,POS24MAR GOOGLE *ADWS,EUR,500.00,0.00,500.00,0.00,"7,126.06"
03 Apr 2017,Spend Money,Google - Google Adwords,POS30MAR GOOGLE *ADWS,EUR,500.00,0.00,500.00,0.00,"7,626.06"
04 Apr 2017,Spend Money,Facebook - Facebook Ads,,EUR,34.78,0.00,34.78,0.00,"7,660.84"
04 Apr 2017,Spend Money,Facebook - Facebook Ads,,EUR,272.92,0.00,272.92,0.00,"7,933.76"
07 Apr 2017,Spend Money,Google - Google Adwords,POS05APR GOOGLE *ADWS,EUR,500.00,0.00,500.00,0.00,"8,433.76"
13 Apr 2017,Spend Money,Google - Google Adwords,POS11APR GOOGLE *ADWS,EUR,500.00,0.00,500.00,0.00,"8,933.76"
20 Apr 2017,Spend Money,Google - Google Adwords,POS18APR GOOGLE *ADWS,EUR,500.00,0.00,500.00,0.00,"9,433.76"
26 Apr 2017,Spend Money,Google - Google Adwords,POS24APR GOOGLE *ADWS,EUR,500.00,0.00,500.00,0.00,"9,933.76"
03 May 2017,Spend Money,Google - Google Adwords,POS29APR GOOGLE *ADWS,EUR,500.00,0.00,500.00,0.00,"10,433.76"
03 May 2017,Spend Money,Facebook,,EUR,297.52,0.00,297.52,0.00,"10,731.28"
03 May 2017,Spend Money,Facebook,,EUR,2.47,0.00,2.47,0.00,"10,733.75"
03 May 2017,Spend Money,Indeed - HR Adverts (staff / teachers) ,,EUR,14.72,0.00,14.72,0.00,"10,748.47"
09 May 2017,Spend Money,Google - Google Adwords,POS05MAY GOOGLE *ADWS,EUR,500.00,0.00,500.00,0.00,"11,248.47"
16 May 2017,Spend Money,Google - Google Adwords,POS12MAY GOOGLE *ADWS,EUR,500.00,0.00,500.00,0.00,"11,748.47"
22 May 2017,Spend Money,Google - Google Adwords,POS18MAY GOOGLE *ADWS,EUR,500.00,0.00,500.00,0.00,"12,248.47"
26 May 2017,Spend Money,Google - Google Adwords,POS23MAY GOOGLE *ADWS,EUR,500.00,0.00,500.00,0.00,"12,748.47"
31 May 2017,Spend Money,Google - Google Adwords,POS29MAY GOOGLE *ADWS,EUR,500.00,0.00,500.00,0.00,"13,248.47"
06 Jun 2017,Spend Money,CARD - Facebook - facebook ads,POS31MAY PAYPAL *FACE,EUR,301.44,0.00,301.44,0.00,"13,549.91"
06 Jun 2017,Spend Money,CARD - Facebook - facebook ads,POS31MAY PAYPAL *FACE,EUR,3.26,0.00,3.26,0.00,"13,553.17"
07 Jun 2017,Spend Money,Google - Google Adwords,POS05JUN GOOGLE *ADWS,EUR,500.00,0.00,500.00,0.00,"14,053.17"
13 Jun 2017,Spend Money,CARD - Google - Ulearn ,,EUR,99.99,0.00,99.99,0.00,"14,153.16"
15 Jun 2017,Spend Money,Google - Google Adwords,POS13JUN GOOGLE *ADWS,EUR,500.00,0.00,500.00,0.00,"14,653.16"
20 Jun 2017,Spend Money,Google - Google Adwords,POS18JUN GOOGLE *ADWS,EUR,500.00,0.00,500.00,0.00,"15,153.16"
27 Jun 2017,Spend Money,Google - Google Adwords,POS23JUN GOOGLE *ADWS,EUR,500.00,0.00,500.00,0.00,"15,653.16"
04 Jul 2017,Spend Money,CARD - Facebook - Facebook Ads,POS30JUN PAYPAL *FACE,EUR,1.73,0.00,1.73,0.00,"15,654.89"
04 Jul 2017,Spend Money,CARD - Facebook - Facebook Ads,POS30JUN PAYPAL *FACE,EUR,247.80,0.00,247.80,0.00,"15,902.69"
04 Jul 2017,Spend Money,Google - Google Adwords,POS30JUN GOOGLE *ADWS,EUR,500.00,0.00,500.00,0.00,"16,402.69"
07 Jul 2017,Spend Money,Google - Google Adwords,POS05JUL GOOGLE *ADWS,EUR,500.00,0.00,500.00,0.00,"16,902.69"
13 Jul 2017,Spend Money,Google - Google Adwords,POS11JUL GOOGLE *ADWS,EUR,500.00,0.00,500.00,0.00,"17,402.69"
19 Jul 2017,Spend Money,Google - Google Adwords,POS17JUL GOOGLE *ADWS,EUR,500.00,0.00,500.00,0.00,"17,902.69"
25 Jul 2017,Spend Money,Google - Google Adwords,POS23JUL GOOGLE *ADWS,EUR,500.00,0.00,500.00,0.00,"18,402.69"
01 Aug 2017,Spend Money,Google - Google Adwords,POS29JUL GOOGLE *ADWS,EUR,500.00,0.00,500.00,0.00,"18,902.69"
03 Aug 2017,Spend Money,CARD - Facebook - Facebook adv,,EUR,44.06,0.00,44.06,0.00,"18,946.75"
03 Aug 2017,Spend Money,CARD - Facebook - Facebook adv,,EUR,149.83,0.00,149.83,0.00,"19,096.58"
09 Aug 2017,Spend Money,Google - Google Adwords,POS05AUG GOOGLE *ADWS,EUR,500.00,0.00,500.00,0.00,"19,596.58"
15 Aug 2017,Spend Money,Google - Google Adwords,POS11AUG GOOGLE *ADWS,EUR,500.00,0.00,500.00,0.00,"20,096.58"
21 Aug 2017,Spend Money,Google - Google Adwords,POS17AUG GOOGLE *ADWS,EUR,500.00,0.00,500.00,0.00,"20,596.58"
28 Aug 2017,Spend Money,Google - Google Adwords,POS24AUG GOOGLE *ADWS,EUR,500.00,0.00,500.00,0.00,"21,096.58"
01 Sept 2017,Spend Money,Google - Google Adwords,POS30AUG GOOGLE *ADWS,EUR,500.00,0.00,500.00,0.00,"21,596.58"
08 Sept 2017,Spend Money,Google - Google Adwords,POS06SEP GOOGLE *ADWS,EUR,500.00,0.00,500.00,0.00,"22,096.58"
14 Sept 2017,Spend Money,Google - Google Adwords,POS12SEP GOOGLE *ADWS,EUR,500.00,0.00,500.00,0.00,"22,596.58"
20 Sept 2017,Spend Money,Google - Google Adwords,POS18SEP GOOGLE *ADWS,EUR,500.00,0.00,500.00,0.00,"23,096.58"
27 Sept 2017,Spend Money,Google - Google Adwords,POS25SEP GOOGLE *ADWS,EUR,500.00,0.00,500.00,0.00,"23,596.58"
04 Oct 2017,Spend Money,Google - Google Adwords,POS02OCT GOOGLE *ADWS,EUR,500.00,0.00,500.00,0.00,"24,096.58"
11 Oct 2017,Spend Money,Google - Google Adwords,POS09OCT GOOGLE *ADWS,EUR,500.00,0.00,500.00,0.00,"24,596.58"
18 Oct 2017,Spend Money,Google - Google Adwords,POS16OCT GOOGLE *ADWS,EUR,500.00,0.00,500.00,0.00,"25,096.58"
24 Oct 2017,Spend Money,Google - Google Adwords,POS22OCT GOOGLE *ADWS,EUR,500.00,0.00,500.00,0.00,"25,596.58"
06 Nov 2017,Spend Money,Google - Google Adwords,POS02NOV GOOGLE *ADWS,EUR,500.00,0.00,500.00,0.00,"26,096.58"
08 Nov 2017,Spend Money,Google - Google Adwords,POS06NOV GOOGLE *ADWS,EUR,500.00,0.00,500.00,0.00,"26,596.58"
14 Nov 2017,Spend Money,Google - Google Adwords,POS12NOV GOOGLE *ADWS,EUR,500.00,0.00,500.00,0.00,"27,096.58"
28 Nov 2017,Spend Money,Google - Google Adwords,POS25NOV GOOGLE *ADWS,EUR,500.00,0.00,500.00,0.00,"27,596.58"
05 Dec 2017,Spend Money,Google - Google Adwords,POS02DEC GOOGLE *ADWS,EUR,500.00,0.00,500.00,0.00,"28,096.58"
05 Dec 2017,Spend Money,CARD - Facebook,,EUR,86.76,0.00,86.76,0.00,"28,183.34"
05 Dec 2017,Spend Money,CARD - Facebook,,EUR,55.87,0.00,55.87,0.00,"28,239.21"
11 Dec 2017,Spend Money,CARD - Google - Google Adwords,POS07DEC GOOGLE *ADWS,EUR,500.00,0.00,500.00,0.00,"28,739.21"
20 Dec 2017,Spend Money,CARD - Google - Google Adwords,POS18DEC GOOGLE *ADWS,EUR,500.00,0.00,500.00,0.00,"29,239.21"
29 Dec 2017,Spend Money,CARD - Google - Google Adwords,POS24DEC GOOGLE *ADWS,EUR,500.00,0.00,500.00,0.00,"29,739.21"
02 Jan 2018,Spend Money,CARD - Google - Google Adwords,POS28DEC GOOGLE *ADWS,EUR,500.00,0.00,500.00,0.00,"30,239.21"
03 Jan 2018,Spend Money,CARD - Facebook - Facebook Ads & Boost Posts,,EUR,15.77,0.00,15.77,0.00,"30,254.98"
03 Jan 2018,Spend Money,CARD - Facebook - Facebook Ads & Boost Posts,,EUR,156.74,0.00,156.74,0.00,"30,411.72"
05 Jan 2018,Spend Money,CARD - Google - Google Adwords,POS03JAN GOOGLE *ADWS,EUR,500.00,0.00,500.00,0.00,"30,911.72"
12 Jan 2018,Spend Money,CARD - Google - Google Adwords,POS10JAN GOOGLE *ADWS,EUR,500.00,0.00,500.00,0.00,"31,411.72"
18 Jan 2018,Spend Money,CARD - Google - Google Adwords,POS16JAN GOOGLE *ADWS,EUR,500.00,0.00,500.00,0.00,"31,911.72"
24 Jan 2018,Spend Money,CARD - Google - Google Adwords,POS22JAN GOOGLE *ADWS,EUR,500.00,0.00,500.00,0.00,"32,411.72"
31 Jan 2018,Spend Money,CARD - Google - Google Adwords,POS29JAN GOOGLE *ADWS,EUR,500.00,0.00,500.00,0.00,"32,911.72"
02 Feb 2018,Spend Money,CARD - Facebook - Facebook Ads & Boost Posts,,EUR,5.95,0.00,5.95,0.00,"32,917.67"
06 Feb 2018,Spend Money,CARD - Google - Google Adwords,POS04FEB GOOGLE *ADWS,EUR,500.00,0.00,500.00,0.00,"33,417.67"
13 Feb 2018,Spend Money,CARD - Google - Google Adwords,POS10FEB GOOGLE *ADWS,EUR,500.00,0.00,500.00,0.00,"33,917.67"
19 Feb 2018,Spend Money,CARD - Google - Google Adwords,POS15FEB GOOGLE *ADWS,EUR,500.00,0.00,500.00,0.00,"34,417.67"
23 Feb 2018,Spend Money,CARD - Google - Google Adwords,POS21FEB GOOGLE *ADWS,EUR,500.00,0.00,500.00,0.00,"34,917.67"
01 Mar 2018,Spend Money,CARD - Google - Google Adwords,POS27FEB GOOGLE *ADWS,EUR,500.00,0.00,500.00,0.00,"35,417.67"
05 Mar 2018,Spend Money,CARD - Facebook - Facebook,,EUR,7.66,0.00,7.66,0.00,"35,425.33"
05 Mar 2018,Spend Money,CARD - Facebook - Facebook,,EUR,116.71,0.00,116.71,0.00,"35,542.04"
07 Mar 2018,Spend Money,CARD - Google - Google Adwords,POS05MAR GOOGLE *ADWS,EUR,500.00,0.00,500.00,0.00,"36,042.04"
13 Mar 2018,Spend Money,CARD - Google - Google Adwords,POS11MAR GOOGLE *ADWS,EUR,500.00,0.00,500.00,0.00,"36,542.04"
21 Mar 2018,Spend Money,CARD - Google - Google Adwords,POS18MAR GOOGLE *ADWS,EUR,500.00,0.00,500.00,0.00,"37,042.04"
27 Mar 2018,Spend Money,CARD - Google - Google Adwords,POS24MAR GOOGLE *ADWS,EUR,500.00,0.00,500.00,0.00,"37,542.04"
04 Apr 2018,Spend Money,CARD - Facebook - Facebook Ads,,EUR,98.02,0.00,98.02,0.00,"37,640.06"
04 Apr 2018,Spend Money,CARD - Google - Google Adwords,POS31MAR GOOGLE *ADWS,EUR,500.00,0.00,500.00,0.00,"38,140.06"
10 Apr 2018,Spend Money,CARD - Google - Google Adwords,POS06APR GOOGLE *ADWS,EUR,500.00,0.00,500.00,0.00,"38,640.06"
16 Apr 2018,Spend Money,CARD - Google - Google Adwords,POS12APR GOOGLE *ADWS,EUR,500.00,0.00,500.00,0.00,"39,140.06"
23 Apr 2018,Spend Money,CARD - Google - Google Adwords,POS19APR GOOGLE *ADWS,EUR,500.00,0.00,500.00,0.00,"39,640.06"
26 Apr 2018,Spend Money,CARD - Google - Google Adwords,POS24APR GOOGLE *ADWS,EUR,500.00,0.00,500.00,0.00,"40,140.06"
03 May 2018,Spend Money,CARD - Google - Google Adwords,POS01MAY GOOGLE *ADWS,EUR,500.00,0.00,500.00,0.00,"40,640.06"
09 May 2018,Spend Money,CARD - Google - Google Adwords,POS07MAY GOOGLE *ADWS,EUR,500.00,0.00,500.00,0.00,"41,140.06"
15 May 2018,Spend Money,CARD - Google - Google Adwords,POS13MAY GOOGLE *ADWS,EUR,500.00,0.00,500.00,0.00,"41,640.06"
22 May 2018,Spend Money,CARD - Google - Google Adwords,POS19MAY GOOGLE *ADWS,EUR,500.00,0.00,500.00,0.00,"42,140.06"
28 May 2018,Spend Money,CARD - Google - Google Adwords,POS24MAY GOOGLE *ADWS,EUR,500.00,0.00,500.00,0.00,"42,640.06"
31 May 2018,Spend Money,Indeed Recruitment - May 2018 Advertising on Indeed.com Vat 23%,15273496,EUR,214.25,0.00,214.25,0.00,"42,854.31"
05 Jun 2018,Spend Money,CARD - Google - Google Adwords,POS31MAY GOOGLE *ADWS,EUR,500.00,0.00,500.00,0.00,"43,354.31"
06 Jun 2018,Spend Money,CARD - Facebook - facebook ads,,EUR,14.62,0.00,14.62,0.00,"43,368.93"
06 Jun 2018,Spend Money,CARD - Facebook - facebook ads,,EUR,3.83,0.00,3.83,0.00,"43,372.76"
08 Jun 2018,Spend Money,CARD - Google - Google Adwords,POS06JUN GOOGLE *ADWS,EUR,500.00,0.00,500.00,0.00,"43,872.76"
13 Jun 2018,Spend Money,CARD - Google - Ulearn ,,EUR,99.99,0.00,99.99,0.00,"43,972.75"
13 Jun 2018,Spend Money,CARD - Google - Ulearn ,,EUR,500.00,0.00,500.00,0.00,"44,472.75"
13 Jun 2018,Spend Money,DoneDeal - Reception desk,19017365-19037363,EUR,3.00,0.00,3.00,0.00,"44,475.75"
19 Jun 2018,Spend Money,CARD - Google - Google Adwords,POS17JUN GOOGLE *ADWS,EUR,500.00,0.00,500.00,0.00,"44,975.75"
26 Jun 2018,Spend Money,CARD - Google - Google Adwords,POS23JUN GOOGLE *ADWS,EUR,500.00,0.00,500.00,0.00,"45,475.75"
27 Jun 2018,Spend Money,Indeed Recruitment - June 18 Advertising on Indeed.com Vat 23%,15509818,EUR,615.48,0.00,615.48,0.00,"46,091.23"
30 Jun 2018,Spend Money,Indeed Recruitment - June 18 - Advertising on Indeed.com Vat 23%,15903856,EUR,210.54,0.00,210.54,0.00,"46,301.77"
02 Jul 2018,Spend Money,CARD - Google - Google Adwords,POS28JUN GOOGLE *ADWS,EUR,500.00,0.00,500.00,0.00,"46,801.77"
06 Jul 2018,Spend Money,CARD - Google - Google Adwords,POS04JUL GOOGLE *ADWS,EUR,500.00,0.00,500.00,0.00,"47,301.77"
12 Jul 2018,Spend Money,CARD - Google - Google Adwords,POS10JUL GOOGLE *ADWS,EUR,500.00,0.00,500.00,0.00,"47,801.77"
24 Jul 2018,Spend Money,CARD - Google - Google Adwords,POS22JUL GOOGLE *ADWS,EUR,500.00,0.00,500.00,0.00,"48,301.77"
31 Jul 2018,Spend Money,CARD - Google - Ulearn,POS28JUL GOOGLE *ADS1,EUR,500.00,0.00,500.00,0.00,"48,801.77"
02 Aug 2018,Spend Money,CARD - Facebook - Facebook adv,,EUR,51.30,0.00,51.30,0.00,"48,853.07"
02 Aug 2018,Spend Money,CARD - Facebook - Facebook adv,,EUR,66.35,0.00,66.35,0.00,"48,919.42"
08 Aug 2018,Spend Money,CARD - Google - Ulearn ,POS03AUG GOOGLE *ADS1,EUR,500.00,0.00,500.00,0.00,"49,419.42"
08 Aug 2018,Spend Money,CARD - Google - Ulearn student,POS03AUG GOOGLE *ADS1,EUR,500.00,0.00,500.00,0.00,"49,919.42"
17 Aug 2018,Spend Money,CARD - Google - Ulearn ,POS15AUG GOOGLE *ADS1  ,EUR,500.00,0.00,500.00,0.00,"50,419.42"
23 Aug 2018,Spend Money,CARD - Google - Ulearn,POS21AUG GOOGLE *ADS1,EUR,500.00,0.00,500.00,0.00,"50,919.42"
29 Aug 2018,Spend Money,CARD - Google - Ulearn,Google ad,EUR,500.00,0.00,500.00,0.00,"51,419.42"
05 Sept 2018,Spend Money,CARD - Google - Ulearn ,POS03SEP GOOGLE *ADS1,EUR,500.00,0.00,500.00,0.00,"51,919.42"
11 Sept 2018,Spend Money,CARD - Google - Ulearn,POS08SEP GOOGLE*ADS10,EUR,500.00,0.00,500.00,0.00,"52,419.42"
18 Sept 2018,Spend Money,CARD - Google - Ulearn ,POS14SEP GOOGLE *ADS1,EUR,500.00,0.00,500.00,0.00,"52,919.42"
24 Sept 2018,Spend Money,CARD - Google - Ulearn ,,EUR,500.00,0.00,500.00,0.00,"53,419.42"
28 Sept 2018,Spend Money,CARD - Google - Ulearn ,,EUR,500.00,0.00,500.00,0.00,"53,919.42"
03 Oct 2018,Spend Money,CARD - Facebook - Facebook ad / post boosting,,EUR,153.75,0.00,153.75,0.00,"54,073.17"
04 Oct 2018,Spend Money,CARD - Google - Ulearn,,EUR,500.00,0.00,500.00,0.00,"54,573.17"
10 Oct 2018,Spend Money,CARD - Google - Ulearn ,,EUR,500.00,0.00,500.00,0.00,"55,073.17"
16 Oct 2018,Spend Money,CARD - Google - Ulearn ,,EUR,500.00,0.00,500.00,0.00,"55,573.17"
23 Oct 2018,Spend Money,CARD - Google - Ulearn,,EUR,500.00,0.00,500.00,0.00,"56,073.17"
31 Oct 2018,Spend Money,CARD - Google - Ulearn,,EUR,500.00,0.00,500.00,0.00,"56,573.17"
02 Nov 2018,Spend Money,CARD - Facebook - Ulearn ,,EUR,59.40,0.00,59.40,0.00,"56,632.57"
06 Nov 2018,Spend Money,CARD - Google - Ulearn,,EUR,500.00,0.00,500.00,0.00,"57,132.57"
09 Nov 2018,Spend Money,CARD - Google - Ulearn,,EUR,500.00,0.00,500.00,0.00,"57,632.57"
14 Nov 2018,Spend Money,CARD - Google - Ulearn ,,EUR,500.00,0.00,500.00,0.00,"58,132.57"
20 Nov 2018,Spend Money,CARD - Google - Ulearn ,,EUR,500.00,0.00,500.00,0.00,"58,632.57"
27 Nov 2018,Spend Money,CARD - Google - Ulearn,,EUR,500.00,0.00,500.00,0.00,"59,132.57"
03 Dec 2018,Spend Money,CARD - Google - Ulearn ,,EUR,500.00,0.00,500.00,0.00,"59,632.57"
04 Dec 2018,Spend Money,CARD - Facebook,,EUR,8.25,0.00,8.25,0.00,"59,640.82"
07 Dec 2018,Spend Money,CARD - Google - Ulearn ,,EUR,500.00,0.00,500.00,0.00,"60,140.82"
13 Dec 2018,Spend Money,CARD - Google - ULEARN,,EUR,500.00,0.00,500.00,0.00,"60,640.82"
19 Dec 2018,Spend Money,CARD - Google - Ulearn ,,EUR,500.00,0.00,500.00,0.00,"61,140.82"
28 Dec 2018,Spend Money,CARD - Google - Ulearn,,EUR,500.00,0.00,500.00,0.00,"61,640.82"
02 Jan 2019,Spend Money,CARD - Google - Ulearn,,EUR,500.00,0.00,500.00,0.00,"62,140.82"
08 Jan 2019,Spend Money,CARD - Google - Ulearn,POS04JAN GOOGLE*ADS10,EUR,500.00,0.00,500.00,0.00,"62,640.82"
14 Jan 2019,Spend Money,CARD - Google - Ulearn ,POS10JAN GOOGLE *ADS1,EUR,500.00,0.00,500.00,0.00,"63,140.82"
18 Jan 2019,Spend Money,CARD - Google - Ulearn ,,EUR,500.00,0.00,500.00,0.00,"63,640.82"
25 Jan 2019,Spend Money,CARD - Google - Ulearn,,EUR,500.00,0.00,500.00,0.00,"64,140.82"
29 Jan 2019,Spend Money,CARD - Google - Ulearn,,EUR,500.00,0.00,500.00,0.00,"64,640.82"
05 Feb 2019,Spend Money,CARD - Google - Ulearn,,EUR,500.00,0.00,500.00,0.00,"65,140.82"
08 Feb 2019,Spend Money,CARD - Google - ULearn,,EUR,500.00,0.00,500.00,0.00,"65,640.82"
13 Feb 2019,Spend Money,CARD - Google - Ulearn,,EUR,500.00,0.00,500.00,0.00,"66,140.82"
19 Feb 2019,Spend Money,CARD - Google - ULearn,,EUR,500.00,0.00,500.00,0.00,"66,640.82"
25 Feb 2019,Spend Money,CARD - Google - ULearn,,EUR,500.00,0.00,500.00,0.00,"67,140.82"
01 Mar 2019,Spend Money,CARD - Google - ULEARN,,EUR,500.00,0.00,500.00,0.00,"67,640.82"
06 Mar 2019,Spend Money,CARD - Google - ULearn ,,EUR,500.00,0.00,500.00,0.00,"68,140.82"
12 Mar 2019,Spend Money,CARD - Google - ULearn,,EUR,500.00,0.00,500.00,0.00,"68,640.82"
20 Mar 2019,Spend Money,CARD - Google - ULearn,POS15MAR GOOGLE*ADS10,EUR,500.00,0.00,500.00,0.00,"69,140.82"
22 Mar 2019,Spend Money,CARD - Google - ULearn ,,EUR,500.00,0.00,500.00,0.00,"69,640.82"
28 Mar 2019,Spend Money,CARD - Google - ULEARN,,EUR,500.00,0.00,500.00,0.00,"70,140.82"
29 Mar 2019,Spend Money,Indeed Recruitment - March 2019 Advertising on Indeed.com,,EUR,24.86,0.00,24.86,0.00,"70,165.68"
31 Mar 2019,Payable Invoice,Indeed Recruitment - March 2019 Advertising on Indeed.com,21703428,EUR,55.67,0.00,55.67,0.00,"70,221.35"
02 Apr 2019,Spend Money,CARD - Google - Ulearn,,EUR,22.06,0.00,22.06,0.00,"70,243.41"
03 Apr 2019,Spend Money,CARD - Google - ULEARN,,EUR,500.00,0.00,500.00,0.00,"70,743.41"
09 Apr 2019,Spend Money,CARD - Google - ULearn ,,EUR,500.00,0.00,500.00,0.00,"71,243.41"
16 Apr 2019,Spend Money,CARD - Google - ULearn,,EUR,500.00,0.00,500.00,0.00,"71,743.41"
23 Apr 2019,Spend Money,CARD - Google - ULearn,POS17APR GOOGLE *ADS1,EUR,500.00,0.00,500.00,0.00,"72,243.41"
23 Apr 2019,Spend Money,CARD - Google - ULearn,,EUR,500.00,0.00,500.00,0.00,"72,743.41"
30 Apr 2019,Spend Money,CARD - Google - ULearn ,,EUR,500.00,0.00,500.00,0.00,"73,243.41"
08 May 2019,Spend Money,CARD - Google - ULearn,,EUR,500.00,0.00,500.00,0.00,"73,743.41"
13 May 2019,Spend Money,CARD - Google - ULearn,,EUR,500.00,0.00,500.00,0.00,"74,243.41"
17 May 2019,Spend Money,CARD - Google - ULearn,,EUR,500.00,0.00,500.00,0.00,"74,743.41"
20 May 2019,Spend Money,CARD - Facebook - ULearn,POS15MAY PAYPAL *FACE,EUR,18.45,0.00,18.45,0.00,"74,761.86"
22 May 2019,Spend Money,CARD - Google - ULearn ,,EUR,500.00,0.00,500.00,0.00,"75,261.86"
28 May 2019,Spend Money,CARD - Google - ULearn,,EUR,500.00,0.00,500.00,0.00,"75,761.86"
05 Jun 2019,Spend Money,CARD - Google - ULearn,,EUR,500.00,0.00,500.00,0.00,"76,261.86"
05 Jun 2019,Spend Money,Indeed Recruitment - May 2019 Advertising on Indeed.com Vat 23%,,EUR,64.88,0.00,64.88,0.00,"76,326.74"
10 Jun 2019,Spend Money,CARD - Google - ULearn,,EUR,500.00,0.00,500.00,0.00,"76,826.74"
13 Jun 2019,Spend Money,ULearn-Student - ULearn,,EUR,500.00,0.00,500.00,0.00,"77,326.74"
13 Jun 2019,Spend Money,CARD - Google - Ulearn ,POS11JUN GOOGLE *Goog,EUR,99.99,0.00,99.99,0.00,"77,426.73"
18 Jun 2019,Spend Money,CARD - Google - ULearn,,EUR,500.00,0.00,500.00,0.00,"77,926.73"
25 Jun 2019,Spend Money,CARD - Google - ULearn,,EUR,500.00,0.00,500.00,0.00,"78,426.73"
01 Jul 2019,Spend Money,CARD - Google - ULearn ,,EUR,500.00,0.00,500.00,0.00,"78,926.73"
05 Jul 2019,Spend Money,CARD - Google - ULearn,,EUR,500.00,0.00,500.00,0.00,"79,426.73"
10 Jul 2019,Spend Money,CARD - Google - ULearn,,EUR,500.00,0.00,500.00,0.00,"79,926.73"
16 Jul 2019,Spend Money,CARD - Google - ULearn,,EUR,500.00,0.00,500.00,0.00,"80,426.73"
02 Aug 2019,Spend Money,CARD - Google - Ulearn,,EUR,500.00,0.00,500.00,0.00,"80,926.73"
07 Aug 2019,Spend Money,CARD - Google - ULearn,,EUR,500.00,0.00,500.00,0.00,"81,426.73"
13 Aug 2019,Spend Money,CARD - Google - ULearn,,EUR,500.00,0.00,500.00,0.00,"81,926.73"
19 Aug 2019,Spend Money,CARD - Google - ULearn,,EUR,500.00,0.00,500.00,0.00,"82,426.73"
23 Aug 2019,Spend Money,CARD - Google - ULearn ,,EUR,500.00,0.00,500.00,0.00,"82,926.73"
29 Aug 2019,Spend Money,CARD - Google - ULearn,,EUR,500.00,0.00,500.00,0.00,"83,426.73"
04 Sept 2019,Spend Money,CARD - Google - ULearn,,EUR,500.00,0.00,500.00,0.00,"83,926.73"
10 Sept 2019,Spend Money,CARD - Google - ULearn Student,,EUR,500.00,0.00,500.00,0.00,"84,426.73"
16 Sept 2019,Spend Money,CARD - Google - Google Ads,POS14SEP GOOGLE *ADS1,EUR,500.00,0.00,500.00,0.00,"84,926.73"
26 Sept 2019,Spend Money,CARD - Google - Google Ads,POS25SEP GOOGLE *ADS1,EUR,500.00,0.00,500.00,0.00,"85,426.73"
02 Oct 2019,Spend Money,CARD - Google - Google Ads,POS01OCT GOOGLE *ADS1,EUR,500.00,0.00,500.00,0.00,"85,926.73"
07 Oct 2019,Spend Money,CARD - Google - Google Ads,POS06OCT GOOGLE*ADS10,EUR,500.00,0.00,500.00,0.00,"86,426.73"
14 Oct 2019,Spend Money,CARD - Google - Google Adwords,POS12OCT GOOGLE *ADS1,EUR,500.00,0.00,500.00,0.00,"86,926.73"
18 Oct 2019,Spend Money,CARD - Google - Google Adwords,POS17OCT GOOGLE *ADS1,EUR,500.00,0.00,500.00,0.00,"87,426.73"
24 Oct 2019,Spend Money,CARD - Google - Google Adwords,POS23OCT GOOGLE *ADS1,EUR,500.00,0.00,500.00,0.00,"87,926.73"
30 Oct 2019,Spend Money,CARD - Google - Adwords,,EUR,500.00,0.00,500.00,0.00,"88,426.73"
04 Nov 2019,Spend Money,CARD - Google - Google Adwords,,EUR,95.94,0.00,95.94,0.00,"88,522.67"
05 Nov 2019,Spend Money,CARD - Google - Google Adwords,,EUR,500.00,0.00,500.00,0.00,"89,022.67"
11 Nov 2019,Spend Money,CARD - Google - Google Adwords,POS09NOV GOOGLE*ADS10,EUR,500.00,0.00,500.00,0.00,"89,522.67"
15 Nov 2019,Spend Money,CARD - Google - Google Adwords,POS14NOV GOOGLE *ADS1,EUR,500.00,0.00,500.00,0.00,"90,022.67"
21 Nov 2019,Spend Money,CARD - Google - Google Adwords,POS20NOV GOOGLE *ADS1,EUR,500.00,0.00,500.00,0.00,"90,522.67"
26 Nov 2019,Spend Money,CARD - Google - Google Adwords,POS25NOV GOOGLE*ADS10,EUR,500.00,0.00,500.00,0.00,"91,022.67"
30 Nov 2019,Payable Invoice,Indeed Recruitment - Indeed Job Advertising,28381109,EUR,78.71,0.00,78.71,0.00,"91,101.38"
02 Dec 2019,Spend Money,CARD - Google - Google Adwords,POS30NOV GOOGLE *ADS1,EUR,500.00,0.00,500.00,0.00,"91,601.38"
10 Dec 2019,Spend Money,CARD - Google - Google Adwords,POS09DEC GOOGLE*ADS10,EUR,500.00,0.00,500.00,0.00,"92,101.38"
16 Dec 2019,Spend Money,CARD - Google - Google Adwords,POS13DEC GOOGLE*ADS10,EUR,500.00,0.00,500.00,0.00,"92,601.38"
16 Dec 2019,Spend Money,Facebook - CARD - Facebook,,EUR,12.12,0.00,12.12,0.00,"92,613.50"
18 Dec 2019,Spend Money,CARD - Google - Google Adwords,18DEC GOOGLECC@GOOGL,EUR,500.00,0.00,500.00,0.00,"93,113.50"
19 Dec 2019,Spend Money,CARD - Google - Google Adwords,POS18DEC GOOGLE*ADS10,EUR,500.00,0.00,500.00,0.00,"93,613.50"
30 Dec 2019,Spend Money,CARD - Google - Google Adwords,POS24DEC GOOGLE*ADS10,EUR,500.00,0.00,500.00,0.00,"94,113.50"
31 Dec 2019,Manual Journal,Year end journal 2019-3 - Year end journal 2019-3,#48143,EUR,"1,000.00",0.00,"1,000.00",0.00,"95,113.50"
02 Jan 2020,Spend Money,CARD - Google - Google Adwords,POS31DEC GOOGLE *ADS1,EUR,500.00,0.00,500.00,0.00,"95,613.50"
07 Jan 2020,Spend Money,CARD - Google - Google Adwords,POS06JAN GOOGLE*ADS10,EUR,500.00,0.00,500.00,0.00,"96,113.50"
13 Jan 2020,Spend Money,CARD - Google - Google Adwords,POS12JAN GOOGLE *ADS1,EUR,500.00,0.00,500.00,0.00,"96,613.50"
20 Jan 2020,Spend Money,CARD - Google - Google Adwords,POS18JAN GOOGLE*ADS10,EUR,500.00,0.00,500.00,0.00,"97,113.50"
27 Jan 2020,Spend Money,CARD - Google - Google Adwords,POS24JAN GOOGLE *ADS1,EUR,500.00,0.00,500.00,0.00,"97,613.50"
03 Feb 2020,Spend Money,CARD - Google - POS31JAN GOOGLE*ADS10,,EUR,500.00,0.00,500.00,0.00,"98,113.50"
06 Feb 2020,Spend Money,Instagram - POS05FEB DUBLIN INSTA,,EUR,50.00,0.00,50.00,0.00,"98,163.50"
07 Feb 2020,Spend Money,CARD - Google - POS06FEB GOOGLE*ADS10,,EUR,500.00,0.00,500.00,0.00,"98,663.50"
10 Feb 2020,Spend Money,Indeed - CARD - POS08FEB INDEED TEL+3,,EUR,25.46,0.00,25.46,0.00,"98,688.96"
12 Feb 2020,Spend Money,CARD - Google - POS11FEB GOOGLE*ADS10,Ads,EUR,500.00,0.00,500.00,0.00,"99,188.96"
13 Feb 2020,Spend Money,Indeed - CARD - December 2019 Adverstising on Indeed,29158278,EUR,299.20,0.00,299.20,0.00,"99,488.16"
18 Feb 2020,Spend Money,Google - CARD - POS17FEB GOOGLE*ADS10,545,EUR,500.00,0.00,500.00,0.00,"99,988.16"
24 Feb 2020,Spend Money,Google - CARD - POS23FEB GOOGLE*ADS10,545,EUR,500.00,0.00,500.00,0.00,"100,488.16"
25 Feb 2020,Spend Money,Indeed - CARD - February 2020 - Advertising on Indeed.com,30569166,EUR,615.27,0.00,615.27,0.00,"101,103.43"
29 Feb 2020,Spend Money,Indeed - CARD - February Advertising on Indeed.com,30790507,EUR,122.73,0.00,122.73,0.00,"101,226.16"
02 Mar 2020,Spend Money,CARD - Google - POS29FEB GOOGLE*ADS10,545,EUR,500.00,0.00,500.00,0.00,"101,726.16"
03 Mar 2020,Spend Money,Indeed - CARD - Advertising,,EUR,37.34,0.00,37.34,0.00,"101,763.50"
09 Mar 2020,Spend Money,Google - CARD - POS07MAR GOOGLE*ADS10,,EUR,500.00,0.00,500.00,0.00,"102,263.50"
16 Mar 2020,Spend Money,CARD - Google - POS14MAR GOOGLE *ADS1,545,EUR,500.00,0.00,500.00,0.00,"102,763.50"
23 Mar 2020,Spend Money,CARD - Google - POS21MAR GOOGLE*ADS10,545,EUR,500.00,0.00,500.00,0.00,"103,263.50"
23 Mar 2020,Spend Money,CARD - Google - POS21MAR PAYPAL *GOOG,545,EUR,29.99,0.00,29.99,0.00,"103,293.49"
29 Mar 2020,Spend Money,Google - CARD - Beats and loops,,EUR,4.09,0.00,4.09,0.00,"103,297.58"
06 Apr 2020,Spend Money,Google - CARD,,EUR,500.00,0.00,500.00,0.00,"103,797.58"
23 Apr 2020,Spend Money,Facebook - CARD - POS22APR FACEBK *BPNH,545,EUR,24.60,0.00,24.60,0.00,"103,822.18"
19 Jun 2020,Spend Money,CARD - Google - POS18JUN GOOGLE *Goog,545,EUR,9.99,0.00,9.99,0.00,"103,832.17"
25 Jun 2020,Spend Money,Daft - POS24JUN DAFT,545,EUR,64.00,0.00,64.00,0.00,"103,896.17"
27 Jul 2020,Spend Money,CARD - Google - POS25JUL GOOGLE *ADS1,545,EUR,500.00,0.00,500.00,0.00,"104,396.17"
04 Aug 2020,Spend Money,CARD - Google - POS01AUG GOOGLE *ADS1,545,EUR,500.00,0.00,500.00,0.00,"104,896.17"
04 Aug 2020,Spend Money,Daft - POS03AUG DAFT,545,EUR,64.00,0.00,64.00,0.00,"104,960.17"
06 Aug 2020,Spend Money,Indeed - CARD - March 2020 Advertising indeed.com,31581423,EUR,203.71,0.00,203.71,0.00,"105,163.88"
10 Aug 2020,Spend Money,CARD - Google - POS07AUG GOOGLE *ADS1,545,EUR,500.00,0.00,500.00,0.00,"105,663.88"
13 Aug 2020,Spend Money,Google - CARD - POS12AUG GOOGLE *ADS1,545,EUR,500.00,0.00,500.00,0.00,"106,163.88"
19 Aug 2020,Spend Money,CARD - Google - POS18AUG GOOGLE *Goog,545,EUR,9.99,0.00,9.99,0.00,"106,173.87"
20 Aug 2020,Spend Money,CARD - Google - POS19AUG GOOGLE*ADS10,545,EUR,500.00,0.00,500.00,0.00,"106,673.87"
24 Aug 2020,Spend Money,Daft - POS21AUG DAFT,545,EUR,99.00,0.00,99.00,0.00,"106,772.87"
27 Aug 2020,Spend Money,CARD - Google - POS25AUG GOOGLE *ADS1,545,EUR,500.00,0.00,500.00,0.00,"107,272.87"
31 Aug 2020,Spend Money,Indeed - CARD - August 2020 Advertising on Indeed.com,34915722,EUR,295.48,0.00,295.48,0.00,"107,568.35"
18 Sept 2020,Spend Money,My Home - POS17SEP MYHOME.IE,,EUR,50.00,0.00,50.00,0.00,"107,618.35"
21 Sept 2020,Spend Money,CARD - Google - POS20SEP GOOGLE *ADS1,,EUR,500.00,0.00,500.00,0.00,"108,118.35"
28 Sept 2020,Spend Money,CARD - Google - POS27SEP GOOGLE *ADS1,,EUR,500.00,0.00,500.00,0.00,"108,618.35"
30 Sept 2020,Spend Money,Indeed - CARD - September 2020 Advertising ,36029695,EUR,91.80,0.00,91.80,0.00,"108,710.15"
06 Oct 2020,Spend Money,CARD - Google - POS05OCT GOOGLE *ADS1,,EUR,500.00,0.00,500.00,0.00,"109,210.15"
19 Oct 2020,Spend Money,CARD - Google - POS17OCT GOOGLE *ADS1,,EUR,500.00,0.00,500.00,0.00,"109,710.15"
22 Oct 2020,Spend Money,CARD - Google - POS20OCT PAYPAL *HARV,,EUR,19.99,0.00,19.99,0.00,"109,730.14"
22 Oct 2020,Spend Money,CARD - Google - POS21OCT GOOGLE *ADS1,,EUR,500.00,0.00,500.00,0.00,"110,230.14"
15 Apr 2021,Spend Money,Marketing  - POSC14APR RICHMOND SH,,EUR,13.50,0.00,13.50,0.00,"110,243.64"
08 Jun 2021,Spend Money,Adverts - POS07JUN ADVERTS.IE,,EUR,7.00,0.00,7.00,0.00,"110,250.64"
08 Jun 2021,Spend Money,Adverts - POS07JUN ADVERTS.IE,,EUR,7.00,0.00,7.00,0.00,"110,257.64"
08 Jun 2021,Spend Money,PAYPAL EUROPE - POS04JUN PAYPAL *INSU,,EUR,28.50,0.00,28.50,0.00,"110,286.14"
08 Jun 2021,Spend Money,Adverts - POS07JUN ADVERTS.IE,,EUR,7.00,0.00,7.00,0.00,"110,293.14"
09 Jun 2021,Spend Money,Adverts - POS08JUN ADVERTS.IE,,EUR,7.00,0.00,7.00,0.00,"110,300.14"
11 Jun 2021,Spend Money,Adverts - POS10JUN ADVERTS.IE,,EUR,5.00,0.00,5.00,0.00,"110,305.14"
21 Jun 2021,Spend Money,Google - CARD - POS18JUN GOOGLE *Goog,,EUR,9.99,0.00,9.99,0.00,"110,315.13"
22 Jun 2021,Spend Money,Adverts - POS21JUN ADVERTS.IE,,EUR,7.00,0.00,7.00,0.00,"110,322.13"
23 Jun 2021,Spend Money,DoneDeal - POS22JUN WWW.DONEDEAL,,EUR,3.00,0.00,3.00,0.00,"110,325.13"
23 Jun 2021,Spend Money,Adverts - POS22JUN ADVERTS.IE,,EUR,4.00,0.00,4.00,0.00,"110,329.13"
28 Jun 2021,Spend Money,Adverts - POS25JUN ADVERTS.IE,,EUR,4.00,0.00,4.00,0.00,"110,333.13"
12 Jul 2021,Spend Money,CARD - Google - POS11JUL GOOGLE *Goog,,EUR,10.99,0.00,10.99,0.00,"110,344.12"
19 Jul 2021,Spend Money,CARD - Google - POS18JUL GOOGLE Goog,,EUR,9.99,0.00,9.99,0.00,"110,354.11"
19 Aug 2021,Spend Money,CARD - Google - POS18AUG GOOGLE Goog,,EUR,9.99,0.00,9.99,0.00,"110,364.10"
20 Sept 2021,Spend Money,CARD - Google - POS18SEP GOOGLE Goog,,EUR,9.99,0.00,9.99,0.00,"110,374.09"
04 Oct 2021,Spend Money,Google - CARD - POS01OCT Google GSUIT,,EUR,76.75,0.00,76.75,0.00,"110,450.84"
31 Dec 2021,Manual Journal,Year End Journal-2021 - Year End Journal-2021,#48784,EUR,88.66,0.00,88.66,0.00,"110,539.50"
19 Jan 2022,Spend Money,CARD - Google - POS17JAN GOOGLE*GOOGL,,EUR,9.99,0.00,9.99,0.00,"110,549.49"
31 Jan 2022,Receive Money,Google - CARD - Google Ads,,EUR,0.00,56.43,0.00,56.43,"110,493.06"
02 Feb 2022,Spend Money,Indeed - CARD - January 2022 Sponsored Jobs on Indeed.com,56229930,EUR,34.53,0.00,34.53,0.00,"110,527.59"
03 Mar 2022,Spend Money,Indeed - CARD - February 2022 Sponsored Jobs on Indeed.com,57606776,EUR,316.90,0.00,316.90,0.00,"110,844.49"
30 Mar 2022,Spend Money,Indeed - CARD - POS29MAR INDEED TEL+3,,EUR,616.73,0.00,616.73,0.00,"111,461.22"
02 Apr 2022,Spend Money,Indeed - CARD - March Sponsored Jobs on Indeed.com,59493519,EUR,71.91,0.00,71.91,0.00,"111,533.13"
03 Apr 2022,Spend Money,"CARD - Google - Google Workpspace

Summary for Mar 1, 2022 - Mar 31, 2022",4091406865,EUR,76.75,0.00,76.75,0.00,"111,609.88"
13 Apr 2022,Spend Money,CARD - Google,,EUR,500.00,0.00,500.00,0.00,"112,109.88"
26 Apr 2022,Spend Money,CARD - Google,,EUR,500.00,0.00,500.00,0.00,"112,609.88"
03 May 2022,Spend Money,CARD - Google,,EUR,210.75,0.00,210.75,0.00,"112,820.63"
13 May 2022,Spend Money,CARD - Google,,EUR,500.00,0.00,500.00,0.00,"113,320.63"
18 May 2022,Spend Money,Indeed - CARD - april 2022 Sponsored Jobs on Indeed.com,60739211,EUR,577.73,0.00,577.73,0.00,"113,898.36"
23 May 2022,Spend Money,CARD - Google,,EUR,500.00,0.00,500.00,0.00,"114,398.36"
30 May 2022,Spend Money,CARD - Google,,EUR,500.00,0.00,500.00,0.00,"114,898.36"
01 Jun 2022,Spend Money,Indeed - CARD - May 2022 Sponsored Jobs on Indeed.com,62490498,EUR,587.50,0.00,587.50,0.00,"115,485.86"
02 Jun 2022,Spend Money,"Google - CARD - Summary for May 1, 2022 - May 31, 2022",4153632986,EUR,76.75,0.00,76.75,0.00,"115,562.61"
02 Jun 2022,Spend Money,CARD - Google,,EUR,49.20,0.00,49.20,0.00,"115,611.81"
02 Jun 2022,Spend Money,CARD - Google,,EUR,500.00,0.00,500.00,0.00,"116,111.81"
07 Jun 2022,Spend Money,CARD - Google,,EUR,500.00,0.00,500.00,0.00,"116,611.81"
10 Jun 2022,Spend Money,CARD - Google - POS09JUN GOOGLE *ADS1,,EUR,500.00,0.00,500.00,0.00,"117,111.81"
15 Jun 2022,Spend Money,CARD - Google,,EUR,500.00,0.00,500.00,0.00,"117,611.81"
20 Jun 2022,Spend Money,CARD - Google - POS19JUN GOOGLE *ADS1,,EUR,500.00,0.00,500.00,0.00,"118,111.81"
20 Jun 2022,Spend Money,CARD - Google - POS19JUN Google Payme,,EUR,9.99,0.00,9.99,0.00,"118,121.80"
24 Jun 2022,Spend Money,CARD - Google - POS23JUN GOOGLE *ADS1,,EUR,500.00,0.00,500.00,0.00,"118,621.80"
28 Jun 2022,Spend Money,CARD - Google,,EUR,500.00,0.00,500.00,0.00,"119,121.80"
01 Jul 2022,Spend Money,"Google - CARD - Google Workspace - Summary for Jun 1, 2022 - Jun 30, 2022",4206324089,EUR,76.75,0.00,76.75,0.00,"119,198.55"
02 Jul 2022,Spend Money,Indeed - CARD - June 2022 Sponsored jobs on indeed.com,64219208 ,EUR,573.49,0.00,573.49,0.00,"119,772.04"
04 Jul 2022,Spend Money,Google - CARD - Google Ads,,EUR,417.52,0.00,417.52,0.00,"120,189.56"
05 Jul 2022,Spend Money,CARD - Google - POS23JUN GOOGLE *ADS1,,EUR,500.00,0.00,500.00,0.00,"120,689.56"
11 Jul 2022,Spend Money,Google - CARD - Google Ads,,EUR,500.00,0.00,500.00,0.00,"121,189.56"
14 Jul 2022,Spend Money,CARD - Google - POS23JUN GOOGLE *ADS1,,EUR,500.00,0.00,500.00,0.00,"121,689.56"
19 Jul 2022,Spend Money,CARD - Google - POS23JUN GOOGLE *ADS1,,EUR,500.00,0.00,500.00,0.00,"122,189.56"
19 Jul 2022,Spend Money,CARD - Google - 1 TB Google Drive - renewing subscription,,EUR,9.99,0.00,9.99,0.00,"122,199.55"
22 Jul 2022,Spend Money,CARD - Google - GOOGLE *ADS1,,EUR,500.00,0.00,500.00,0.00,"122,699.55"
26 Jul 2022,Spend Money,CARD - Google - GOOGLE *ADS1,,EUR,500.00,0.00,500.00,0.00,"123,199.55"
02 Aug 2022,Spend Money,CARD - Google - GOOGLE *ADS1,,EUR,500.00,0.00,500.00,0.00,"123,699.55"
02 Aug 2022,Spend Money,CARD - Google - GOOGLE *ADS1,,EUR,220.18,0.00,220.18,0.00,"123,919.73"
02 Aug 2022,Spend Money,Indeed - CARD - November 2022 sponsored Hobs on Indeed.com,,EUR,598.21,0.00,598.21,0.00,"124,517.94"
02 Aug 2022,Spend Money,"Google - CARD - Google workspace - Summary for Jul 1, 2022 - Jul 31, 2022",4324886709,EUR,76.75,0.00,76.75,0.00,"124,594.69"
08 Aug 2022,Spend Money,CARD - Google - GOOGLE *ADS1,,EUR,500.00,0.00,500.00,0.00,"125,094.69"
10 Aug 2022,Spend Money,CARD - Google - GOOGLE *ADS1,,EUR,500.00,0.00,500.00,0.00,"125,594.69"
15 Aug 2022,Spend Money,CARD - Google - GOOGLE *ADS1,,EUR,500.00,0.00,500.00,0.00,"126,094.69"
18 Aug 2022,Spend Money,CARD - Google - GOOGLE *ADS1,,EUR,500.00,0.00,500.00,0.00,"126,594.69"
19 Aug 2022,Spend Money,CARD - Google - Google Cloud Charges,,EUR,9.99,0.00,9.99,0.00,"126,604.68"
23 Aug 2022,Spend Money,CARD - Google - GOOGLE *ADS1,,EUR,500.00,0.00,500.00,0.00,"127,104.68"
29 Aug 2022,Spend Money,CARD - Google - GOOGLE *ADS1,,EUR,500.00,0.00,500.00,0.00,"127,604.68"
02 Sept 2022,Spend Money,CARD - Google - POS23JUN GOOGLE *ADS1,,EUR,101.75,0.00,101.75,0.00,"127,706.43"
02 Sept 2022,Spend Money,Indeed - CARD - August 2022 Sponsored Jobs on indeed.com,67360484,EUR,611.45,0.00,611.45,0.00,"128,317.88"
05 Sept 2022,Spend Money,CARD - Google - POS23JUN GOOGLE *ADS1,,EUR,500.00,0.00,500.00,0.00,"128,817.88"
09 Sept 2022,Spend Money,CARD - Google - GOOGLE *ADS1,,EUR,500.00,0.00,500.00,0.00,"129,317.88"
14 Sept 2022,Spend Money,CARD - Google - GOOGLE *ADS1,,EUR,500.00,0.00,500.00,0.00,"129,817.88"
19 Sept 2022,Spend Money,CARD - Google - Google Cloud Charges,,EUR,9.99,0.00,9.99,0.00,"129,827.87"
19 Sept 2022,Spend Money,CARD - Google - GOOGLE *ADS1,,EUR,500.00,0.00,500.00,0.00,"130,327.87"
22 Sept 2022,Spend Money,CARD - Google - GOOGLE *ADS1,,EUR,500.00,0.00,500.00,0.00,"130,827.87"
26 Sept 2022,Spend Money,CARD - Google - POS23JUN GOOGLE *ADS1,,EUR,500.00,0.00,500.00,0.00,"131,327.87"
30 Sept 2022,Spend Money,Google - CARD - Google Workspace Business Standard Usage Sep 1 - Sep 30,4564940136,EUR,107.45,0.00,107.45,0.00,"131,435.32"
30 Sept 2022,Spend Money,CARD - Google - POS23JUN GOOGLE *ADS1,,EUR,500.00,0.00,500.00,0.00,"131,935.32"
03 Oct 2022,Spend Money,CARD - Google - POS23JUN GOOGLE *ADS1,,EUR,165.19,0.00,165.19,0.00,"132,100.51"
03 Oct 2022,Spend Money,Indeed - CARD - August 2022 Sponsored Jobs on indeed.com,,EUR,577.28,0.00,577.28,0.00,"132,677.79"
06 Oct 2022,Spend Money,CARD - Google - POS23JUN GOOGLE *ADS1,,EUR,500.00,0.00,500.00,0.00,"133,177.79"
10 Oct 2022,Spend Money,Facebook - CARD - Facebook Ads,,EUR,24.60,0.00,24.60,0.00,"133,202.39"
12 Oct 2022,Spend Money,CARD - Google - POS23JUN GOOGLE *ADS1,,EUR,500.00,0.00,500.00,0.00,"133,702.39"
17 Oct 2022,Spend Money,CARD - Google - POS23JUN GOOGLE *ADS1,,EUR,500.00,0.00,500.00,0.00,"134,202.39"
19 Oct 2022,Spend Money,CARD - Google - 1 TB Google Drive - renewing subscription,,EUR,9.99,0.00,9.99,0.00,"134,212.38"
19 Oct 2022,Spend Money,Facebook - CARD - Facebook Ads,,EUR,24.60,0.00,24.60,0.00,"134,236.98"
21 Oct 2022,Spend Money,CARD - Google - POS23JUN GOOGLE *ADS1,,EUR,500.00,0.00,500.00,0.00,"134,736.98"
26 Oct 2022,Spend Money,CARD - Google - POS23JUN GOOGLE *ADS1,,EUR,500.00,0.00,500.00,0.00,"135,236.98"
27 Oct 2022,Spend Money,Facebook - CARD - Facebook Ads,,EUR,24.60,0.00,24.60,0.00,"135,261.58"
28 Oct 2022,Spend Money,Facebook - CARD - Facebook Ads,,EUR,36.90,0.00,36.90,0.00,"135,298.48"
01 Nov 2022,Spend Money,Facebook - CARD - Facebook Ads,,EUR,86.10,0.00,86.10,0.00,"135,384.58"
01 Nov 2022,Spend Money,Facebook - CARD - Facebook Ads,,EUR,49.20,0.00,49.20,0.00,"135,433.78"
01 Nov 2022,Spend Money,Facebook - CARD - Facebook Ads,,EUR,49.20,0.00,49.20,0.00,"135,482.98"
02 Nov 2022,Spend Money,Indeed - CARD - October 2022 Sponsored Jobs on Indeed.com,70364272,EUR,490.04,0.00,490.04,0.00,"135,973.02"
02 Nov 2022,Spend Money,Google - CARD - Google Ads,,EUR,553.03,0.00,553.03,0.00,"136,526.05"
07 Nov 2022,Spend Money,Google - CARD - Google Ads,,EUR,500.00,0.00,500.00,0.00,"137,026.05"
14 Nov 2022,Spend Money,Google - CARD - Google Ads,,EUR,500.00,0.00,500.00,0.00,"137,526.05"
16 Nov 2022,Spend Money,Facebook - CARD - Facebook Ads,,EUR,24.23,0.00,24.23,0.00,"137,550.28"
21 Nov 2022,Spend Money,CARD - Google - 1 TB Google Drive - renewing subscription,,EUR,9.99,0.00,9.99,0.00,"137,560.27"
21 Nov 2022,Spend Money,Google - CARD - Google Ads,,EUR,500.00,0.00,500.00,0.00,"138,060.27"
24 Nov 2022,Spend Money,Google - CARD - Google Ads,,EUR,500.00,0.00,500.00,0.00,"138,560.27"
29 Nov 2022,Spend Money,Google - CARD - Google Ads,,EUR,500.00,0.00,500.00,0.00,"139,060.27"
01 Dec 2022,Spend Money,Indeed - CARD - November 2022 sponsored Hobs on Indeed.com,71777810,EUR,118.39,0.00,118.39,0.00,"139,178.66"
02 Dec 2022,Spend Money,Google - CARD - Google Ads,,EUR,281.19,0.00,281.19,0.00,"139,459.85"
06 Dec 2022,Spend Money,Google - CARD - Google Ads,,EUR,500.00,0.00,500.00,0.00,"139,959.85"
12 Dec 2022,Spend Money,Google - CARD - Google Ads,,EUR,500.00,0.00,500.00,0.00,"140,459.85"
15 Dec 2022,Spend Money,Google - CARD - Google Ads,,EUR,500.00,0.00,500.00,0.00,"140,959.85"
16 Dec 2022,Spend Money,Facebook - CARD - Facebook Ads,,EUR,43.05,0.00,43.05,0.00,"141,002.90"
19 Dec 2022,Spend Money,CARD - Google - 1 TB Google Drive - renewing subscription,,EUR,9.99,0.00,9.99,0.00,"141,012.89"
19 Dec 2022,Spend Money,Google - CARD - Google Ads,,EUR,500.00,0.00,500.00,0.00,"141,512.89"
29 Dec 2022,Spend Money,CARD - Google - 1 TB Google Drive - renewing subscription,,EUR,3.99,0.00,3.99,0.00,"141,516.88"
29 Dec 2022,Spend Money,Google - CARD - Google Ads,,EUR,500.00,0.00,500.00,0.00,"142,016.88"
29 Dec 2022,Spend Money,Google - CARD - Google Ads,,EUR,500.00,0.00,500.00,0.00,"142,516.88"
29 Dec 2022,Spend Money,CARD - Google - Google Cloud Charges,,EUR,3.99,0.00,3.99,0.00,"142,520.87"
31 Dec 2022,Manual Journal,Year End Journal-2022 - Google Ads,#57700,EUR,500.00,0.00,500.00,0.00,"143,020.87"
31 Dec 2022,Manual Journal,Year End Journal-2022 - Google expenses reanalysis,#57700,EUR,0.00,502.35,0.00,502.35,"142,518.52"
03 Jan 2023,Spend Money,CARD - Google - POS01JAN GoogleAdword,,EUR,423.75,0.00,423.75,0.00,"142,942.27"
05 Jan 2023,Spend Money,Google - CARD - Google Ads,,EUR,500.00,0.00,500.00,0.00,"143,442.27"
10 Jan 2023,Spend Money,Google - CARD - Google Ads,,EUR,500.00,0.00,500.00,0.00,"143,942.27"
13 Jan 2023,Spend Money,Google - CARD - Google Ads,,EUR,500.00,0.00,500.00,0.00,"144,442.27"
18 Jan 2023,Spend Money,Google - CARD - Google Ads,,EUR,500.00,0.00,500.00,0.00,"144,942.27"
23 Jan 2023,Spend Money,CARD - Google - Google Adwords,,EUR,500.00,0.00,500.00,0.00,"145,442.27"
27 Jan 2023,Spend Money,CARD - Google - Google Adwords,,EUR,500.00,0.00,500.00,0.00,"145,942.27"
31 Jan 2023,Spend Money,CARD - Google - Google Adwords,,EUR,500.00,0.00,500.00,0.00,"146,442.27"
31 Jan 2023,Manual Journal,Monthly journals to spread adjustments across 2023,#59490,EUR,87.28,0.00,87.28,0.00,"146,529.55"
02 Feb 2023,Spend Money,CARD - Google - POS01FEB GoogleAdword,,EUR,229.50,0.00,229.50,0.00,"146,759.05"
02 Feb 2023,Spend Money,Indeed - CARD - POS01FEB INDEED TEL+3,,EUR,603.43,0.00,603.43,0.00,"147,362.48"
07 Feb 2023,Spend Money,CARD - Google - Google Adwords,,EUR,500.00,0.00,500.00,0.00,"147,862.48"
08 Feb 2023,Spend Money,CARD - Google - Google Adwords,,EUR,500.00,0.00,500.00,0.00,"148,362.48"
13 Feb 2023,Spend Money,CARD - Google - Google Adwords,,EUR,500.00,0.00,500.00,0.00,"148,862.48"
16 Feb 2023,Spend Money,CARD - Google - Google Adwords,,EUR,500.00,0.00,500.00,0.00,"149,362.48"
20 Feb 2023,Spend Money,CARD - Google - Google Adwords,,EUR,500.00,0.00,500.00,0.00,"149,862.48"
23 Feb 2023,Spend Money,CARD - Google - Google Adwords,545,EUR,500.00,0.00,500.00,0.00,"150,362.48"
27 Feb 2023,Spend Money,CARD - Google - Google Adwords,545,EUR,500.00,0.00,500.00,0.00,"150,862.48"
28 Feb 2023,Manual Journal,Monthly journals to spread adjustments across 2023,#59492,EUR,87.28,0.00,87.28,0.00,"150,949.76"
02 Mar 2023,Spend Money,CARD - Google - POS01MAR GoogleAdword,545,EUR,300.75,0.00,300.75,0.00,"151,250.51"
02 Mar 2023,Spend Money,Indeed - CARD - HR Adverts,75605120,EUR,520.87,0.00,520.87,0.00,"151,771.38"
06 Mar 2023,Spend Money,CARD - Google - Google Adwords,545,EUR,500.00,0.00,500.00,0.00,"152,271.38"
09 Mar 2023,Spend Money,CARD - Google - Google Adwords,545,EUR,500.00,0.00,500.00,0.00,"152,771.38"
14 Mar 2023,Spend Money,CARD - Google - Google Adwords,545,EUR,500.00,0.00,500.00,0.00,"153,271.38"
20 Mar 2023,Spend Money,CARD - Google - Google Adwords,545,EUR,500.00,0.00,500.00,0.00,"153,771.38"
23 Mar 2023,Spend Money,CARD - Google - Google Adwords,545,EUR,500.00,0.00,500.00,0.00,"154,271.38"
27 Mar 2023,Spend Money,CARD - Google - Google Adwords,545,EUR,500.00,0.00,500.00,0.00,"154,771.38"
31 Mar 2023,Manual Journal,Monthly journals to spread adjustments across 2023,#59494,EUR,87.28,0.00,87.28,0.00,"154,858.66"
03 Apr 2023,Spend Money,CARD - Google - POS01APR GoogleAdword,545,EUR,542.73,0.00,542.73,0.00,"155,401.39"
03 Apr 2023,Spend Money,Online Jobs - HR Adverts,,EUR,369.00,0.00,369.00,0.00,"155,770.39"
11 Apr 2023,Spend Money,CARD - Google - Google Adwords,545,EUR,500.00,0.00,500.00,0.00,"156,270.39"
12 Apr 2023,Spend Money,CARD - Google - Google Adwords,545,EUR,500.00,0.00,500.00,0.00,"156,770.39"
17 Apr 2023,Spend Money,CARD - Google - Google Adwords,545,EUR,500.00,0.00,500.00,0.00,"157,270.39"
21 Apr 2023,Spend Money,CARD - Google - Google Adwords,545,EUR,500.00,0.00,500.00,0.00,"157,770.39"
25 Apr 2023,Spend Money,CARD - Google - Google Adwords,545,EUR,500.00,0.00,500.00,0.00,"158,270.39"
30 Apr 2023,Manual Journal,Monthly journals to spread adjustments across 2023,#59496,EUR,87.28,0.00,87.28,0.00,"158,357.67"
02 May 2023,Spend Money,CARD - Google - POS01MAY GoogleAdword,545,EUR,203.49,0.00,203.49,0.00,"158,561.16"
02 May 2023,Spend Money,CARD - Google - Google Adwords,545,EUR,500.00,0.00,500.00,0.00,"159,061.16"
02 May 2023,Spend Money,Indeed - CARD - HR Adverts,78502492,EUR,492.16,0.00,492.16,0.00,"159,553.32"
05 May 2023,Spend Money,CARD - Google - Google Adwords,545,EUR,500.00,0.00,500.00,0.00,"160,053.32"
10 May 2023,Spend Money,CARD - Google - Google Adwords,545,EUR,500.00,0.00,500.00,0.00,"160,553.32"
15 May 2023,Spend Money,CARD - Google - Google Adwords,545,EUR,500.00,0.00,500.00,0.00,"161,053.32"
22 May 2023,Spend Money,CARD - Google - Google Adwords,545,EUR,500.00,0.00,500.00,0.00,"161,553.32"
24 May 2023,Spend Money,CARD - Google - Google Adwords,545,EUR,500.00,0.00,500.00,0.00,"162,053.32"
29 May 2023,Spend Money,CARD - Google - Google Adwords,545,EUR,500.00,0.00,500.00,0.00,"162,553.32"
31 May 2023,Manual Journal,Monthly journals to spread adjustments across 2023,#59498,EUR,87.28,0.00,87.28,0.00,"162,640.60"
01 Jun 2023,Spend Money,LinkedIn - HR Advertising,,EUR,39.83,0.00,39.83,0.00,"162,680.43"
02 Jun 2023,Spend Money,CARD - Google - POS01JUN GoogleAdword,545,EUR,365.71,0.00,365.71,0.00,"163,046.14"
02 Jun 2023,Spend Money,Indeed - CARD - POS01JUN Indeed Jobs,545,EUR,599.35,0.00,599.35,0.00,"163,645.49"
06 Jun 2023,Spend Money,CARD - Google - GoogleAds,,EUR,500.00,0.00,500.00,0.00,"164,145.49"
12 Jun 2023,Spend Money,CARD - Google - Google Adwords,545,EUR,500.00,0.00,500.00,0.00,"164,645.49"
14 Jun 2023,Spend Money,CARD - Google - Google Adwords,545,EUR,500.00,0.00,500.00,0.00,"165,145.49"
19 Jun 2023,Spend Money,CARD - Google - GoogleAds,,EUR,500.00,0.00,500.00,0.00,"165,645.49"
21 Jun 2023,Spend Money,Indeed - CARD - POS20JUN Indeed Jobs,545,EUR,615.00,0.00,615.00,0.00,"166,260.49"
23 Jun 2023,Spend Money,CARD - Google - Google Adwords,545,EUR,500.00,0.00,500.00,0.00,"166,760.49"
28 Jun 2023,Spend Money,CARD - Google - Google Adwords,545,EUR,500.00,0.00,500.00,0.00,"167,260.49"
30 Jun 2023,Manual Journal,Monthly journals to spread adjustments across 2023,#59500,EUR,87.28,0.00,87.28,0.00,"167,347.77"
03 Jul 2023,Spend Money,CARD - Google - POS01JUL GoogleAdword,545,EUR,383.10,0.00,383.10,0.00,"167,730.87"
03 Jul 2023,Spend Money,Indeed - CARD - POS02JUL Indeed Jobs,545,EUR,557.37,0.00,557.37,0.00,"168,288.24"
05 Jul 2023,Spend Money,Google - CARD - Google Ads,,EUR,500.00,0.00,500.00,0.00,"168,788.24"
10 Jul 2023,Spend Money,Google - CARD - Google Ads,,EUR,500.00,0.00,500.00,0.00,"169,288.24"
13 Jul 2023,Spend Money,CARD - Google - Google Adwords,545,EUR,500.00,0.00,500.00,0.00,"169,788.24"
17 Jul 2023,Spend Money,CARD - Google - Google Adwords,545,EUR,500.00,0.00,500.00,0.00,"170,288.24"
20 Jul 2023,Spend Money,CARD - Google - Google Adwords,545,EUR,500.00,0.00,500.00,0.00,"170,788.24"
25 Jul 2023,Spend Money,CARD - Google - Google Adwords,545,EUR,500.00,0.00,500.00,0.00,"171,288.24"
31 Jul 2023,Spend Money,CARD - Google - Google Adwords,545,EUR,500.00,0.00,500.00,0.00,"171,788.24"
31 Jul 2023,Manual Journal,Monthly journals to spread adjustments across 2023,#59502,EUR,87.28,0.00,87.28,0.00,"171,875.52"
02 Aug 2023,Spend Money,CARD - Google - POS01AUG GoogleAdword,545,EUR,143.05,0.00,143.05,0.00,"172,018.57"
02 Aug 2023,Spend Money,Indeed - CARD - POS01AUG Indeed Jobs,545,EUR,591.86,0.00,591.86,0.00,"172,610.43"
08 Aug 2023,Spend Money,CARD - Google - Google Adwords,545,EUR,500.00,0.00,500.00,0.00,"173,110.43"
14 Aug 2023,Spend Money,Google - CARD - Google Ads,,EUR,500.00,0.00,500.00,0.00,"173,610.43"
17 Aug 2023,Spend Money,Google - CARD - Google Ads,,EUR,500.00,0.00,500.00,0.00,"174,110.43"
21 Aug 2023,Spend Money,CARD - Google - Google Adwords,545,EUR,500.00,0.00,500.00,0.00,"174,610.43"
25 Aug 2023,Spend Money,CARD - Google - Google Adwords,545,EUR,500.00,0.00,500.00,0.00,"175,110.43"
29 Aug 2023,Spend Money,CARD - Google - Google Adwords,545,EUR,500.00,0.00,500.00,0.00,"175,610.43"
31 Aug 2023,Manual Journal,Monthly journals to spread adjustments across 2023,#59504,EUR,87.28,0.00,87.28,0.00,"175,697.71"
01 Sept 2023,Spend Money,CARD - Google - Google Adwords,545,EUR,500.00,0.00,500.00,0.00,"176,197.71"
04 Sept 2023,Spend Money,CARD - Google - POS01SEP GoogleAdword,545,EUR,119.45,0.00,119.45,0.00,"176,317.16"
04 Sept 2023,Spend Money,Indeed - CARD - POS01SEP Indeed Jobs,545,EUR,541.99,0.00,541.99,0.00,"176,859.15"
04 Sept 2023,Spend Money,CARD - Google - Google Adwords,545,EUR,500.00,0.00,500.00,0.00,"177,359.15"
05 Sept 2023,Spend Money,CARD - Google - Google Adwords,545,EUR,500.00,0.00,500.00,0.00,"177,859.15"
07 Sept 2023,Spend Money,CARD - Google - Google Adwords,545,EUR,500.00,0.00,500.00,0.00,"178,359.15"
11 Sept 2023,Spend Money,CARD - Google - Google Adwords,545,EUR,500.00,0.00,500.00,0.00,"178,859.15"
12 Sept 2023,Spend Money,CARD - Google - Google Adwords,545,EUR,500.00,0.00,500.00,0.00,"179,359.15"
14 Sept 2023,Spend Money,CARD - Google - Google Adwords,545,EUR,500.00,0.00,500.00,0.00,"179,859.15"
19 Sept 2023,Spend Money,CARD - Google - POS18SEP GoogleAdword,545,EUR,"1,000.00",0.00,"1,000.00",0.00,"180,859.15"
25 Sept 2023,Spend Money,CARD - Google - POS24SEP GoogleAdword,545,EUR,"1,000.00",0.00,"1,000.00",0.00,"181,859.15"
28 Sept 2023,Spend Money,CARD - Google - POS27SEP GoogleAdword,545,EUR,"1,000.00",0.00,"1,000.00",0.00,"182,859.15"
30 Sept 2023,Manual Journal,Monthly journals to spread adjustments across 2023,#59506,EUR,87.28,0.00,87.28,0.00,"182,946.43"
02 Oct 2023,Spend Money,CARD - Google - POS01OCT GoogleAdword,545,EUR,643.85,0.00,643.85,0.00,"183,590.28"
02 Oct 2023,Spend Money,Indeed - CARD - POS01OCT Indeed Jobs,545,EUR,498.21,0.00,498.21,0.00,"184,088.49"
05 Oct 2023,Spend Money,CARD - Google - POS05OCT GoogleAdword,545,EUR,"1,000.00",0.00,"1,000.00",0.00,"185,088.49"
10 Oct 2023,Spend Money,Google - CARD - Google Ads,,EUR,"1,000.00",0.00,"1,000.00",0.00,"186,088.49"
16 Oct 2023,Spend Money,CARD - Google - POS14OCT GoogleAdword,545,EUR,"1,000.00",0.00,"1,000.00",0.00,"187,088.49"
23 Oct 2023,Spend Money,CARD - Google - POS20OCT GoogleAdword,545,EUR,"1,000.00",0.00,"1,000.00",0.00,"188,088.49"
27 Oct 2023,Spend Money,CARD - Google - POS26OCT GoogleAdword,545,EUR,"1,000.00",0.00,"1,000.00",0.00,"189,088.49"
31 Oct 2023,Manual Journal,Monthly journals to spread adjustments across 2023,#59508,EUR,87.28,0.00,87.28,0.00,"189,175.77"
02 Nov 2023,Spend Money,CARD - Google - POS01NOV GoogleAdword,545,EUR,892.54,0.00,892.54,0.00,"190,068.31"
02 Nov 2023,Spend Money,Indeed - CARD - POS01NOV Indeed Jobs,545,EUR,524.41,0.00,524.41,0.00,"190,592.72"
08 Nov 2023,Spend Money,CARD - Google - POS08NOV GoogleAdword,545,EUR,"1,000.00",0.00,"1,000.00",0.00,"191,592.72"
15 Nov 2023,Spend Money,CARD - Google - Google Adwords,545,EUR,"1,000.00",0.00,"1,000.00",0.00,"192,592.72"
16 Nov 2023,Spend Money,Facebook - CARD - FB Ads,,EUR,71.70,0.00,71.70,0.00,"192,664.42"
22 Nov 2023,Spend Money,CARD - Google - Google Adwords,545,EUR,"1,000.00",0.00,"1,000.00",0.00,"193,664.42"
28 Nov 2023,Spend Money,CARD - Google - Google Adwords,545,EUR,"1,000.00",0.00,"1,000.00",0.00,"194,664.42"
30 Nov 2023,Manual Journal,Monthly journals to spread adjustments across 2023,#59510,EUR,87.28,0.00,87.28,0.00,"194,751.70"
04 Dec 2023,Spend Money,CARD - Google - Google Adwords,545,EUR,411.31,0.00,411.31,0.00,"195,163.01"
04 Dec 2023,Spend Money,Indeed - CARD - POS01DEC Indeed 86516,545,EUR,123.01,0.00,123.01,0.00,"195,286.02"
12 Dec 2023,Spend Money,CARD - Google - Google Adwords,545,EUR,"1,000.00",0.00,"1,000.00",0.00,"196,286.02"
18 Dec 2023,Spend Money,Facebook - CARD - FB Ads,,EUR,67.21,0.00,67.21,0.00,"196,353.23"
22 Dec 2023,Spend Money,CARD - Google - Google Adwords,545,EUR,"1,000.00",0.00,"1,000.00",0.00,"197,353.23"
31 Dec 2023,Manual Journal,Reversal: Monthly journals to spread adjustments across 2023,#59505,EUR,0.00,87.28,0.00,87.28,"197,265.95"
31 Dec 2023,Manual Journal,Reversal: Monthly journals to spread adjustments across 2023,#59507,EUR,0.00,87.28,0.00,87.28,"197,178.67"
31 Dec 2023,Manual Journal,Year-end Journal 2023 - Upwork - CARD - Google Ad Consultants reclassified from Consulting & Accounting (Professional Services),#58890,EUR,"1,047.37",0.00,"1,047.37",0.00,"198,226.04"
31 Dec 2023,Manual Journal,Reversal: Monthly journals to spread adjustments across 2023,#59489,EUR,0.00,87.28,0.00,87.28,"198,138.76"
31 Dec 2023,Manual Journal,Reversal: Monthly journals to spread adjustments across 2023,#59493,EUR,0.00,87.28,0.00,87.28,"198,051.48"
31 Dec 2023,Manual Journal,Reversal: Monthly journals to spread adjustments across 2023,#59499,EUR,0.00,87.28,0.00,87.28,"197,964.20"
31 Dec 2023,Manual Journal,Reversal: Monthly journals to spread adjustments across 2023,#59503,EUR,0.00,87.28,0.00,87.28,"197,876.92"
31 Dec 2023,Manual Journal,Reversal: Monthly journals to spread adjustments across 2023,#59491,EUR,0.00,87.28,0.00,87.28,"197,789.64"
31 Dec 2023,Manual Journal,Reversal: Monthly journals to spread adjustments across 2023,#59495,EUR,0.00,87.28,0.00,87.28,"197,702.36"
31 Dec 2023,Manual Journal,Reversal: Monthly journals to spread adjustments across 2023,#59497,EUR,0.00,87.28,0.00,87.28,"197,615.08"
31 Dec 2023,Manual Journal,Reversal: Monthly journals to spread adjustments across 2023,#59501,EUR,0.00,87.28,0.00,87.28,"197,527.80"
31 Dec 2023,Manual Journal,Reversal: Monthly journals to spread adjustments across 2023,#59509,EUR,0.00,87.28,0.00,87.28,"197,440.52"
02 Jan 2024,Spend Money,CARD - Google - Google Adwords,545,EUR,970.50,0.00,970.50,0.00,"198,411.02"
08 Jan 2024,Spend Money,CARD - Google - Google Adwords,545,EUR,"1,000.00",0.00,"1,000.00",0.00,"199,411.02"
15 Jan 2024,Spend Money,CARD - Google - Google Adwords,545,EUR,"1,000.00",0.00,"1,000.00",0.00,"200,411.02"
22 Jan 2024,Spend Money,CARD - Google - Google Adwords,545,EUR,"1,000.00",0.00,"1,000.00",0.00,"201,411.02"
29 Jan 2024,Spend Money,CARD - Google - Google Adwords,545,EUR,"1,000.00",0.00,"1,000.00",0.00,"202,411.02"
02 Feb 2024,Spend Money,Indeed - CARD - POS01DEC Indeed 86516,,EUR,46.09,0.00,46.09,0.00,"202,457.11"
02 Feb 2024,Spend Money,CARD - Google - Google Adwords,545,EUR,714.26,0.00,714.26,0.00,"203,171.37"
12 Feb 2024,Spend Money,CARD - Google - Google Adwords,545,EUR,"1,000.00",0.00,"1,000.00",0.00,"204,171.37"
19 Feb 2024,Spend Money,CARD - Google - Google Adwords,545,EUR,"1,000.00",0.00,"1,000.00",0.00,"205,171.37"
04 Mar 2024,Spend Money,Indeed - CARD - Indeed - HR Adverts,,EUR,137.76,0.00,137.76,0.00,"205,309.13"
08 Mar 2024,Spend Money,CARD - Google - Google Adwords,545,EUR,"1,752.51",0.00,"1,752.51",0.00,"207,061.64"
14 Mar 2024,Spend Money,CARD - Google - Google Adwords,545,EUR,"1,000.00",0.00,"1,000.00",0.00,"208,061.64"
22 Mar 2024,Spend Money,CARD - Google - Google Adwords,545,EUR,"1,000.00",0.00,"1,000.00",0.00,"209,061.64"
02 Apr 2024,Spend Money,Indeed - CARD - POS01DEC Indeed 86516,,EUR,51.82,0.00,51.82,0.00,"209,113.46"
02 Apr 2024,Spend Money,Google,,EUR,892.15,0.00,892.15,0.00,"210,005.61"
11 Apr 2024,Spend Money,CARD - Google - Google Adwords,545,EUR,"1,000.00",0.00,"1,000.00",0.00,"211,005.61"
19 Apr 2024,Spend Money,CARD - Google - Google Adwords,545,EUR,"1,000.00",0.00,"1,000.00",0.00,"212,005.61"
29 Apr 2024,Spend Money,CARD - Google - Google Adwords,545,EUR,"1,000.00",0.00,"1,000.00",0.00,"213,005.61"
02 May 2024,Spend Money,Google,,EUR,274.44,0.00,274.44,0.00,"213,280.05"
13 May 2024,Spend Money,CARD - Google - Google Adwords,545,EUR,"1,000.00",0.00,"1,000.00",0.00,"214,280.05"
22 May 2024,Spend Money,Google - CARD - ads,,EUR,"1,000.00",0.00,"1,000.00",0.00,"215,280.05"
30 May 2024,Spend Money,Google - ads,,EUR,"1,000.00",0.00,"1,000.00",0.00,"216,280.05"
04 Jun 2024,Spend Money,CARD - Google - Google Adwords,545,EUR,217.18,0.00,217.18,0.00,"216,497.23"
10 Jun 2024,Spend Money,Google - ads,,EUR,"1,000.00",0.00,"1,000.00",0.00,"217,497.23"
14 Jun 2024,Spend Money,CARD - Google - Google Adwords,545,EUR,"1,000.00",0.00,"1,000.00",0.00,"218,497.23"
24 Jun 2024,Spend Money,Google - ads,,EUR,"1,000.00",0.00,"1,000.00",0.00,"219,497.23"
02 Jul 2024,Spend Money,Indeed - CARD - POS01DEC Indeed 86516,,EUR,31.08,0.00,31.08,0.00,"219,528.31"
02 Jul 2024,Spend Money,Google - ads,,EUR,905.36,0.00,905.36,0.00,"220,433.67"
08 Jul 2024,Spend Money,CARD - Google - Google Adwords,545,EUR,"1,000.00",0.00,"1,000.00",0.00,"221,433.67"
15 Jul 2024,Spend Money,CARD - Google - Google Adwords,545,EUR,"1,000.00",0.00,"1,000.00",0.00,"222,433.67"
22 Jul 2024,Spend Money,Google - ads,,EUR,"1,000.00",0.00,"1,000.00",0.00,"223,433.67"
29 Jul 2024,Spend Money,CARD - Google - Google Adwords,545,EUR,"1,000.00",0.00,"1,000.00",0.00,"224,433.67"
02 Aug 2024,Spend Money,Google - ads,,EUR,452.58,0.00,452.58,0.00,"224,886.25"
02 Aug 2024,Spend Money,Indeed - CARD - POS01DEC Indeed 86516,,EUR,61.17,0.00,61.17,0.00,"224,947.42"
12 Aug 2024,Spend Money,CARD - Google - Google Adwords,545,EUR,"1,000.00",0.00,"1,000.00",0.00,"225,947.42"
19 Aug 2024,Spend Money,CARD - Google - Google Adwords,545,EUR,"1,000.00",0.00,"1,000.00",0.00,"226,947.42"
26 Aug 2024,Spend Money,Google - ads,,EUR,"1,000.00",0.00,"1,000.00",0.00,"227,947.42"
02 Sept 2024,Spend Money,Google - ads,,EUR,"1,080.55",0.00,"1,080.55",0.00,"229,027.97"
09 Sept 2024,Spend Money,Google - ads,,EUR,"1,000.00",0.00,"1,000.00",0.00,"230,027.97"
17 Sept 2024,Spend Money,Google - ads,,EUR,"1,000.00",0.00,"1,000.00",0.00,"231,027.97"
26 Sept 2024,Spend Money,Google - POS25SEP GOOGLE *ADS1,545,EUR,"1,000.00",0.00,"1,000.00",0.00,"232,027.97"
01 Oct 2024,Spend Money,Google - POS30SEP Google Payme,545,EUR,1.99,0.00,1.99,0.00,"232,029.96"
02 Oct 2024,Spend Money,Google - Google Adwords,545,EUR,593.19,0.00,593.19,0.00,"232,623.15"
02 Oct 2024,Spend Money,Indeed - CARD - POS01OCT Indeed 98258,545,EUR,277.02,0.00,277.02,0.00,"232,900.17"
04 Oct 2024,Spend Money,LinkedIn - POS03OCT LinkedIn JOB,545,EUR,560.18,0.00,560.18,0.00,"233,460.35"
07 Oct 2024,Spend Money,LinkedIn - POS04OCT LinkedIn JOB,545,EUR,21.53,0.00,21.53,0.00,"233,481.88"
11 Oct 2024,Spend Money,Google - POS25SEP GOOGLE *ADS1,,EUR,"1,000.00",0.00,"1,000.00",0.00,"234,481.88"
18 Oct 2024,Spend Money,Google - POS25SEP GOOGLE *ADS1,,EUR,"1,000.00",0.00,"1,000.00",0.00,"235,481.88"
29 Oct 2024,Spend Money,CARD - Google - Google Adwords,545,EUR,"1,000.00",0.00,"1,000.00",0.00,"236,481.88"
04 Nov 2024,Spend Money,Google - POS25SEP GOOGLE *ADS1,,EUR,663.05,0.00,663.05,0.00,"237,144.93"
04 Nov 2024,Spend Money,Indeed - CARD - POS01DEC Indeed 86516,,EUR,31.34,0.00,31.34,0.00,"237,176.27"
11 Nov 2024,Spend Money,Google - POS25SEP GOOGLE *ADS1,,EUR,"1,000.00",0.00,"1,000.00",0.00,"238,176.27"
19 Nov 2024,Spend Money,Google - POS25SEP GOOGLE *ADS1,,EUR,"1,000.00",0.00,"1,000.00",0.00,"239,176.27"
28 Nov 2024,Spend Money,Google - POS25SEP GOOGLE *ADS1,,EUR,"1,000.00",0.00,"1,000.00",0.00,"240,176.27"
02 Dec 2024,Spend Money,Google - POS25SEP GOOGLE *ADS1,,EUR,350.61,0.00,350.61,0.00,"240,526.88"
10 Dec 2024,Spend Money,Google - POS25SEP GOOGLE *ADS1,,EUR,"1,000.00",0.00,"1,000.00",0.00,"241,526.88"
19 Dec 2024,Spend Money,Google - POS25SEP GOOGLE *ADS1,,EUR,"1,000.00",0.00,"1,000.00",0.00,"242,526.88"
30 Dec 2024,Spend Money,Google - POS25SEP GOOGLE *ADS1,,EUR,"1,000.00",0.00,"1,000.00",0.00,"243,526.88"
Total Google Ad (or other advertising),,,,,"245,045.74","1,518.86","245,045.74","1,518.86","243,526.88"
,,,,,,,,,
Total,,,,,"245,045.74","1,518.86","245,045.74","1,518.86","243,526.88"
